Symbol,Security,Dictionary_Entry,GICS Sector,GICS Sub-Industry,Headquarters Location,Date first added,Founded
A,Agilent Technologies,"'Agilent Technologies': 'A',",Health Care,Health Care Equipment,"Santa Clara, California",6/5/2000,1999
AAL,American Airlines Group,"'American Airlines Group': 'AAL',",Industrials,Airlines,"Fort Worth, Texas",3/23/2015,1934
AAP,Advance Auto Parts,"'Advance Auto Parts': 'AAP',",Consumer Discretionary,Automotive Retail,"Raleigh, North Carolina",7/9/2015,1932
AAPL,Apple Inc.,"'Apple Inc.': 'AAPL',",Information Technology,"Technology Hardware, Storage & Peripherals","Cupertino, California",11/30/1982,1977
ABBV,AbbVie Inc.,"'AbbVie Inc.': 'ABBV',",Health Care,Pharmaceuticals,"North Chicago, Illinois",12/31/2012,2013 (1888)
ABC,AmerisourceBergen,"'AmerisourceBergen': 'ABC',",Health Care,Health Care Distributors,"Chesterbrook, Pennsylvania",8/30/2001,1985
ABMD,Abiomed,"'Abiomed': 'ABMD',",Health Care,Health Care Equipment,"Danvers, Massachusetts",5/31/2018,1981
ABT,Abbott Laboratories,"'Abbott Laboratories': 'ABT',",Health Care,Health Care Equipment,"North Chicago, Illinois",3/31/1964,1888
ACN,Accenture,"'Accenture': 'ACN',",Information Technology,IT Consulting & Other Services,"Dublin, Ireland",7/6/2011,1989
ADBE,Adobe Inc.,"'Adobe Inc.': 'ADBE',",Information Technology,Application Software,"San Jose, California",5/5/1997,1982
ADI,"Analog Devices, Inc.","'Analog Devices, Inc.': 'ADI',",Information Technology,Semiconductors,"Norwood, Massachusetts",10/12/1999,1965
ADM,Archer-Daniels-Midland Co,"'Archer-Daniels-Midland Co': 'ADM',",Consumer Staples,Agricultural Products,"Chicago, Illinois",7/29/1981,1902
ADP,Automatic Data Processing,"'Automatic Data Processing': 'ADP',",Information Technology,Data Processing & Outsourced Services,"Roseland, New Jersey",3/31/1981,1949
ADSK,Autodesk Inc.,"'Autodesk Inc.': 'ADSK',",Information Technology,Application Software,"San Rafael, California",12/1/1989,1982
AEE,Ameren Corp,"'Ameren Corp': 'AEE',",Utilities,Multi-Utilities,"St. Louis, Missouri",9/19/1991,1902
AEP,American Electric Power,"'American Electric Power': 'AEP',",Utilities,Electric Utilities,"Columbus, Ohio",3/4/1957,1906
AES,AES Corp,"'AES Corp': 'AES',",Utilities,Independent Power Producers & Energy Traders,"Arlington, Virginia",10/2/1998,1981
AFL,Aflac,"'Aflac': 'AFL',",Financials,Life & Health Insurance,"Columbus, Georgia",5/28/1999,1955
AIG,American International Group,"'American International Group': 'AIG',",Financials,Property & Casualty Insurance,"New York, New York",3/31/1980,1919
AIZ,Assurant,"'Assurant': 'AIZ',",Financials,Multi-line Insurance,"New York, New York",4/10/2007,1892
AJG,Arthur J. Gallagher & Co.,"'Arthur J. Gallagher & Co.': 'AJG',",Financials,Insurance Brokers,"Rolling Meadows, Illinois",5/31/2016,1927
AKAM,Akamai Technologies,"'Akamai Technologies': 'AKAM',",Information Technology,Internet Services & Infrastructure,"Cambridge, Massachusetts",7/12/2007,1998
ALB,Albemarle Corporation,"'Albemarle Corporation': 'ALB',",Materials,Specialty Chemicals,"Charlotte, North Carolina",7/1/2016,1994
ALGN,Align Technology,"'Align Technology': 'ALGN',",Health Care,Health Care Supplies,"San Jose, California",6/19/2017,1997
ALK,Alaska Air Group,"'Alaska Air Group': 'ALK',",Industrials,Airlines,"Seattle, Washington",5/13/2016,1985
ALL,Allstate Corp,"'Allstate Corp': 'ALL',",Financials,Property & Casualty Insurance,"Northfield Township, Illinois",7/13/1995,1931
ALLE,Allegion,"'Allegion': 'ALLE',",Industrials,Building Products,"Dublin, Ireland",12/2/2013,1908
ALXN,Alexion Pharmaceuticals,"'Alexion Pharmaceuticals': 'ALXN',",Health Care,Pharmaceuticals,"Boston, Massachusetts",5/25/2012,1992
AMAT,Applied Materials Inc.,"'Applied Materials Inc.': 'AMAT',",Information Technology,Semiconductor Equipment,"Santa Clara, California",3/16/1995,1967
AMCR,Amcor plc,"'Amcor plc': 'AMCR',",Materials,Paper Packaging,"Warmley, Bristol, United Kingdom",6/7/2019,2019 (1860)
AMD,Advanced Micro Devices,"'Advanced Micro Devices': 'AMD',",Information Technology,Semiconductors,"Santa Clara, California",,1969
AME,Ametek,"'Ametek': 'AME',",Industrials,Electrical Components & Equipment,"Berwyn, Pennsylvania",9/23/2013,1930
AMGN,Amgen Inc.,"'Amgen Inc.': 'AMGN',",Health Care,Biotechnology,"Thousand Oaks, California",1/2/1992,1980
AMP,Ameriprise Financial,"'Ameriprise Financial': 'AMP',",Financials,Asset Management & Custody Banks,"Minneapolis, Minnesota",10/3/2005,1894
AMT,American Tower Corp.,"'American Tower Corp.': 'AMT',",Real Estate,Specialized REITs,"Boston, Massachusetts",11/19/2007,1995
AMZN,Amazon.com Inc.,"'Amazon.com Inc.': 'AMZN',",Consumer Discretionary,Internet & Direct Marketing Retail,"Seattle, Washington",11/18/2005,1994
ANET,Arista Networks,"'Arista Networks': 'ANET',",Information Technology,Communications Equipment,"Santa Clara, California",8/28/2018,2004
ANSS,"ANSYS, Inc.","'ANSYS, Inc.': 'ANSS',",Information Technology,Application Software,"Canonsburg, Pennsylvania",6/19/2017,1969
ANTM,Anthem,"'Anthem': 'ANTM',",Health Care,Managed Health Care,"Indianapolis, Indiana",7/25/2002,2014 (1946)
AON,Aon plc,"'Aon plc': 'AON',",Financials,Insurance Brokers,"London, United Kingdom",4/23/1996,1982 (1919)
AOS,A.O. Smith Corp,"'A.O. Smith Corp': 'AOS',",Industrials,Building Products,"Milwaukee, Wisconsin",7/26/2017,1916
APA,APA Corporation,"'APA Corporation': 'APA',",Energy,Oil & Gas Exploration & Production,"Houston, Texas",7/28/1997,1954
APD,Air Products & Chemicals,"'Air Products & Chemicals': 'APD',",Materials,Industrial Gases,"Allentown, Pennsylvania",4/30/1985,1940
APH,Amphenol Corp,"'Amphenol Corp': 'APH',",Information Technology,Electronic Components,"Wallingford, Connecticut",9/30/2008,1932
APTV,Aptiv PLC,"'Aptiv PLC': 'APTV',",Consumer Discretionary,Auto Parts & Equipment,"Dublin, Ireland",12/24/2012,1994
ARE,Alexandria Real Estate Equities,"'Alexandria Real Estate Equities': 'ARE',",Real Estate,Office REITs,"Pasadena, California",3/20/2017,1994
ATO,Atmos Energy,"'Atmos Energy': 'ATO',",Utilities,Gas Utilities,"Dallas, Texas",2/15/2019,1906
ATVI,Activision Blizzard,"'Activision Blizzard': 'ATVI',",Communication Services,Interactive Home Entertainment,"Santa Monica, California",8/31/2015,2008
AVB,AvalonBay Communities,"'AvalonBay Communities': 'AVB',",Real Estate,Residential REITs,"Arlington, Virginia[3]",1/10/2007,1978
AVGO,Broadcom Inc.,"'Broadcom Inc.': 'AVGO',",Information Technology,Semiconductors,"San Jose, California",5/8/2014,1961
AVY,Avery Dennison Corp,"'Avery Dennison Corp': 'AVY',",Materials,Paper Packaging,"Glendale, California",12/31/1987,1990
AWK,American Water Works,"'American Water Works': 'AWK',",Utilities,Water Utilities,"Camden, New Jersey",3/4/2016,1886
AXP,American Express,"'American Express': 'AXP',",Financials,Consumer Finance,"New York, New York",6/30/1976,1850
AZO,AutoZone Inc,"'AutoZone Inc': 'AZO',",Consumer Discretionary,Specialty Stores,"Memphis, Tennessee",1/2/1997,1979
BA,Boeing Company,"'Boeing Company': 'BA',",Industrials,Aerospace & Defense,"Chicago, Illinois",3/4/1957,1916
BAC,Bank of America Corp,"'Bank of America Corp': 'BAC',",Financials,Diversified Banks,"Charlotte, North Carolina",6/30/1976,1998 (1923 / 1874)
BAX,Baxter International Inc.,"'Baxter International Inc.': 'BAX',",Health Care,Health Care Equipment,"Deerfield, Illinois",9/30/1972,1931
BBY,Best Buy Co. Inc.,"'Best Buy Co. Inc.': 'BBY',",Consumer Discretionary,Computer & Electronics Retail,"Richfield, Minnesota",6/29/1999,1966
BDX,Becton Dickinson,"'Becton Dickinson': 'BDX',",Health Care,Health Care Equipment,"Franklin Lakes, New Jersey",9/30/1972,1897
BEN,Franklin Resources,"'Franklin Resources': 'BEN',",Financials,Asset Management & Custody Banks,"San Mateo, California",,1947
BIIB,Biogen Inc.,"'Biogen Inc.': 'BIIB',",Health Care,Biotechnology,"Cambridge, Massachusetts",11/13/2003,1978
BIO,Bio-Rad Laboratories,"'Bio-Rad Laboratories': 'BIO',",Health Care,Life Sciences Tools & Services,"Hercules, California",6/22/2020,1952
BK,The Bank of New York Mellon,"'The Bank of New York Mellon': 'BK',",Financials,Asset Management & Custody Banks,"New York, New York",3/31/1995,1784
BKNG,Booking Holdings Inc,"'Booking Holdings Inc': 'BKNG',",Consumer Discretionary,Internet & Direct Marketing Retail,"Norwalk, Connecticut",11/6/2009,1996
BKR,Baker Hughes Co,"'Baker Hughes Co': 'BKR',",Energy,Oil & Gas Equipment & Services,"Houston, Texas",7/7/2017,2017
BLK,BlackRock,"'BlackRock': 'BLK',",Financials,Asset Management & Custody Banks,"New York, New York",4/4/2011,1988
BLL,Ball Corp,"'Ball Corp': 'BLL',",Materials,Metal & Glass Containers,"Broomfield, Colorado",10/31/1984,1880
BMY,Bristol-Myers Squibb,"'Bristol-Myers Squibb': 'BMY',",Health Care,Health Care Distributors,"New York, New York",3/4/1957,1989
BR,Broadridge Financial Solutions,"'Broadridge Financial Solutions': 'BR',",Information Technology,Data Processing & Outsourced Services,"Lake Success, New York",6/18/2018,1962
BSX,Boston Scientific,"'Boston Scientific': 'BSX',",Health Care,Health Care Equipment,"Marlborough, Massachusetts[4]",2/24/1995,1979
BWA,BorgWarner,"'BorgWarner': 'BWA',",Consumer Discretionary,Auto Parts & Equipment,"Auburn Hills, Michigan",12/19/2011,1880
BXP,Boston Properties,"'Boston Properties': 'BXP',",Real Estate,Office REITs,"Boston, Massachusetts",4/3/2006,1970
C,Citigroup Inc.,"'Citigroup Inc.': 'C',",Financials,Diversified Banks,"New York, New York",5/31/1988,1998
CAG,Conagra Brands,"'Conagra Brands': 'CAG',",Consumer Staples,Packaged Foods & Meats,"Chicago, Illinois",8/31/1983,1919
CAH,Cardinal Health Inc.,"'Cardinal Health Inc.': 'CAH',",Health Care,Health Care Distributors,"Dublin, Ohio",5/27/1997,1971
CARR,Carrier Global,"'Carrier Global': 'CARR',",Industrials,Building Products,"Palm Beach Gardens, Florida",4/3/2020,2020 (1915)
CAT,Caterpillar Inc.,"'Caterpillar Inc.': 'CAT',",Industrials,Construction Machinery & Heavy Trucks,"Deerfield, Illinois",3/4/1957,1925
CB,Chubb Limited,"'Chubb Limited': 'CB',",Financials,Property & Casualty Insurance,"Zurich, Switzerland",7/15/2010,1985
CBOE,Cboe Global Markets,"'Cboe Global Markets': 'CBOE',",Financials,Financial Exchanges & Data,"Chicago, Illinois",3/1/2017,1973
CBRE,CBRE Group,"'CBRE Group': 'CBRE',",Real Estate,Real Estate Services,"Dallas, Texas",11/10/2006,1906
CCI,Crown Castle,"'Crown Castle': 'CCI',",Real Estate,Specialized REITs,"Houston, Texas",3/14/2012,1994
CCL,Carnival Corp.,"'Carnival Corp.': 'CCL',",Consumer Discretionary,"Hotels, Resorts & Cruise Lines","Miami, Florida",12/22/1998,1972
CDNS,Cadence Design Systems,"'Cadence Design Systems': 'CDNS',",Information Technology,Application Software,"San Jose, California",9/18/2017,1988
CDW,CDW,"'CDW': 'CDW',",Information Technology,Technology Distributors,"Lincolnshire, Illinois",9/23/2019,1984
CE,Celanese,"'Celanese': 'CE',",Materials,Specialty Chemicals,"Irving, Texas",12/24/2018,1918
CERN,Cerner,"'Cerner': 'CERN',",Health Care,Health Care Technology,"North Kansas City, Missouri",4/30/2010,1979
CF,CF Industries Holdings Inc,"'CF Industries Holdings Inc': 'CF',",Materials,Fertilizers & Agricultural Chemicals,"Deerfield, Illinois",8/27/2008,1946
CFG,Citizens Financial Group,"'Citizens Financial Group': 'CFG',",Financials,Regional Banks,"Providence, Rhode Island",1/29/2016,1828
CHD,Church & Dwight,"'Church & Dwight': 'CHD',",Consumer Staples,Household Products,"Ewing, New Jersey",12/29/2015,1847
CHRW,C. H. Robinson Worldwide,"'C. H. Robinson Worldwide': 'CHRW',",Industrials,Air Freight & Logistics,"Eden Prairie, Minnesota",3/2/2007,1905
CHTR,Charter Communications,"'Charter Communications': 'CHTR',",Communication Services,Cable & Satellite,"Stamford, Connecticut",9/8/2016,1993
CI,Cigna,"'Cigna': 'CI',",Health Care,Managed Health Care,"Bloomfield, Connecticut",6/30/1976,1982
CINF,Cincinnati Financial,"'Cincinnati Financial': 'CINF',",Financials,Property & Casualty Insurance,"Fairfield, Ohio",12/18/1997,1950
CL,Colgate-Palmolive,"'Colgate-Palmolive': 'CL',",Consumer Staples,Household Products,"New York, New York",3/4/1957,1806
CMA,Comerica Inc.,"'Comerica Inc.': 'CMA',",Financials,Diversified Banks,"Dallas, Texas",12/1/1995,1849
CMCSA,Comcast Corp.,"'Comcast Corp.': 'CMCSA',",Communication Services,Cable & Satellite,"Philadelphia, Pennsylvania",11/19/2002,1963
CME,CME Group Inc.,"'CME Group Inc.': 'CME',",Financials,Financial Exchanges & Data,"Chicago, Illinois",8/11/2006,1848
CMG,Chipotle Mexican Grill,"'Chipotle Mexican Grill': 'CMG',",Consumer Discretionary,Restaurants,"Newport Beach, California",4/28/2011,1993
CMI,Cummins Inc.,"'Cummins Inc.': 'CMI',",Industrials,Industrial Machinery,"Columbus, Indiana",3/31/1965,1919
CMS,CMS Energy,"'CMS Energy': 'CMS',",Utilities,Multi-Utilities,"Jackson, Michigan",5/3/1999,1886
CNC,Centene Corporation,"'Centene Corporation': 'CNC',",Health Care,Managed Health Care,"St. Louis, Missouri",3/30/2016,1984
CNP,CenterPoint Energy,"'CenterPoint Energy': 'CNP',",Utilities,Multi-Utilities,"Houston, Texas",7/31/1985,1882
COF,Capital One Financial,"'Capital One Financial': 'COF',",Financials,Consumer Finance,"Tysons Corner, Virginia",7/1/1998,1994
COG,Cabot Oil & Gas,"'Cabot Oil & Gas': 'COG',",Energy,Oil & Gas Exploration & Production,"Houston, Texas",6/23/2008,1989
COO,The Cooper Companies,"'The Cooper Companies': 'COO',",Health Care,Health Care Supplies,"San Ramon, California",9/23/2016,1958
COP,ConocoPhillips,"'ConocoPhillips': 'COP',",Energy,Oil & Gas Exploration & Production,"Houston, Texas",3/4/1957,2002
COST,Costco Wholesale Corp.,"'Costco Wholesale Corp.': 'COST',",Consumer Staples,Hypermarkets & Super Centers,"Issaquah, Washington",10/1/1993,1976
CPB,Campbell Soup,"'Campbell Soup': 'CPB',",Consumer Staples,Packaged Foods & Meats,"Camden, New Jersey",3/4/1957,1869
CPRT,Copart Inc,"'Copart Inc': 'CPRT',",Industrials,Diversified Support Services,"Dallas, Texas",7/2/2018,1982
CRL,Charles River Laboratories,"'Charles River Laboratories': 'CRL',",Health Care,Life Sciences Tools & Services,"Wilmington, Massachusetts",5/14/2021,1947
CRM,Salesforce.com,"salesforce.com': 'CRM',",Information Technology,Application Software,"San Francisco, California",9/15/2008,1999
CSCO,Cisco Systems,"'Cisco Systems': 'CSCO',",Information Technology,Communications Equipment,"San Jose, California",12/1/1993,1984
CSX,CSX Corp.,"'CSX Corp.': 'CSX',",Industrials,Railroads,"Jacksonville, Florida",9/30/1967,1980
CTAS,Cintas Corporation,"'Cintas Corporation': 'CTAS',",Industrials,Diversified Support Services,"Mason, Ohio",3/1/2001,1929
CTLT,Catalent,"'Catalent': 'CTLT',",Health Care,Pharmaceuticals,"Somerset, New Jersey",9/21/2020,2007
CTSH,Cognizant Technology Solutions,"'Cognizant Technology Solutions': 'CTSH',",Information Technology,IT Consulting & Other Services,"Teaneck, New Jersey",11/17/2006,1994
CTVA,Corteva,"'Corteva': 'CTVA',",Materials,Fertilizers & Agricultural Chemicals,"Wilmington, Delaware",6/3/2019,2019
CTXS,Citrix Systems,"'Citrix Systems': 'CTXS',",Information Technology,Application Software,"Fort Lauderdale, Florida",12/1/1999,1989
CVS,CVS Health,"'CVS Health': 'CVS',",Health Care,Health Care Services,"Woonsocket, Rhode Island",3/4/1957,1996
CVX,Chevron Corp.,"'Chevron Corp.': 'CVX',",Energy,Integrated Oil & Gas,"San Ramon, California",3/4/1957,1879
CZR,Caesars Entertainment,"'Caesars Entertainment': 'CZR',",Consumer Discretionary,Casinos & Gaming,"Reno, Nevada",3/22/2021,1973
D,Dominion Energy,"'Dominion Energy': 'D',",Utilities,Electric Utilities,"Richmond, Virginia",,1983
DAL,Delta Air Lines Inc.,"'Delta Air Lines Inc.': 'DAL',",Industrials,Airlines,"Atlanta, Georgia",9/11/2013,1929
DD,DuPont de Nemours Inc,"'DuPont de Nemours Inc': 'DD',",Materials,Specialty Chemicals,"Wilmington, Delaware",4/2/2019,2017
DE,Deere & Co.,"'Deere & Co.': 'DE',",Industrials,Agricultural & Farm Machinery,"Moline, Illinois",3/4/1957,1837
DFS,Discover Financial Services,"'Discover Financial Services': 'DFS',",Financials,Consumer Finance,"Riverwoods, Illinois",7/2/2007,1985
DG,Dollar General,"'Dollar General': 'DG',",Consumer Discretionary,General Merchandise Stores,"Goodlettsville, Tennessee",12/3/2012,1939
DGX,Quest Diagnostics,"'Quest Diagnostics': 'DGX',",Health Care,Health Care Services,"Secaucus, New Jersey",12/12/2002,1967
DHI,D. R. Horton,"'D. R. Horton': 'DHI',",Consumer Discretionary,Homebuilding,"Arlington, Texas",6/22/2005,1978
DHR,Danaher Corp.,"'Danaher Corp.': 'DHR',",Health Care,Health Care Equipment,"Washington, D.C.",,1969
DIS,The Walt Disney Company,"'The Walt Disney Company': 'DIS',",Communication Services,Movies & Entertainment,"Burbank, California",6/30/1976,1923
DISCA,"Discovery, Inc. (Series A)","'Discovery, Inc. (Series A)': 'DISCA',",Communication Services,Broadcasting,"New York, New York",3/1/2010,1985
DISCK,"Discovery, Inc. (Series C)","'Discovery, Inc. (Series C)': 'DISCK',",Communication Services,Broadcasting,"New York, New York",8/7/2014,1985
DISH,Dish Network,"'Dish Network': 'DISH',",Communication Services,Cable & Satellite,"Meridian, Colorado",3/13/2017,1980
DLR,Digital Realty Trust Inc,"'Digital Realty Trust Inc': 'DLR',",Real Estate,Specialized REITs,"Austin, Texas",5/18/2016,2004
DLTR,Dollar Tree,"'Dollar Tree': 'DLTR',",Consumer Discretionary,General Merchandise Stores,"Chesapeake, Virginia",12/19/2011,1986
DOV,Dover Corporation,"'Dover Corporation': 'DOV',",Industrials,Industrial Machinery,"Downers Grove, Illinois",10/31/1985,1955
DOW,Dow Inc.,"'Dow Inc.': 'DOW',",Materials,Commodity Chemicals,"Midland, Michigan",4/1/2019,2019
DPZ,Domino's Pizza,"Dominos Pizza': 'DPZ',",Consumer Discretionary,Restaurants,"Ann Arbor, Michigan",5/12/2020,1960
DRE,Duke Realty Corp,"'Duke Realty Corp': 'DRE',",Real Estate,Industrial REITs,"Indianapolis, Indiana",7/26/2017,1972
DRI,Darden Restaurants,"'Darden Restaurants': 'DRI',",Consumer Discretionary,Restaurants,"Orlando, Florida",,1938
DTE,DTE Energy Co.,"'DTE Energy Co.': 'DTE',",Utilities,Multi-Utilities,"Detroit, Michigan",3/4/1957,1995
DUK,Duke Energy,"'Duke Energy': 'DUK',",Utilities,Electric Utilities,"Charlotte, North Carolina",6/30/1976,1904
DVA,DaVita Inc.,"'DaVita Inc.': 'DVA',",Health Care,Health Care Facilities,"Denver, Colorado",7/31/2008,1979
DVN,Devon Energy,"'Devon Energy': 'DVN',",Energy,Oil & Gas Exploration & Production,"Oklahoma City, Oklahoma",8/30/2000,1971
DXC,DXC Technology,"'DXC Technology': 'DXC',",Information Technology,IT Consulting & Other Services,"Tysons Corner, Virginia",4/4/2017,2017
DXCM,DexCom,"'DexCom': 'DXCM',",Health Care,Health Care Equipment,"San Diego, California",5/12/2020,1999
EA,Electronic Arts,"'Electronic Arts': 'EA',",Communication Services,Interactive Home Entertainment,"Redwood City, California",7/22/2002,1982
EBAY,eBay Inc.,"'eBay Inc.': 'EBAY',",Consumer Discretionary,Internet & Direct Marketing Retail,"San Jose, California",7/22/2002,1995
ECL,Ecolab Inc.,"'Ecolab Inc.': 'ECL',",Materials,Specialty Chemicals,"St. Paul, Minnesota",1/31/1989,1923
ED,Consolidated Edison,"'Consolidated Edison': 'ED',",Utilities,Electric Utilities,"New York, New York",,1823
EFX,Equifax Inc.,"'Equifax Inc.': 'EFX',",Industrials,Research & Consulting Services,"Atlanta, Georgia",6/19/1997,1899
EIX,Edison Int'l,"'Edison Int'l': 'EIX',",Utilities,Electric Utilities,"Rosemead, California",3/4/1957,1886
EL,Estée Lauder Companies,"'Estée Lauder Companies': 'EL',",Consumer Staples,Personal Products,"New York, New York",1/5/2006,1946
EMN,Eastman Chemical,"'Eastman Chemical': 'EMN',",Materials,Diversified Chemicals,"Kingsport, Tennessee",1/1/1994,1920
EMR,Emerson Electric Company,"'Emerson Electric Company': 'EMR',",Industrials,Electrical Components & Equipment,"Ferguson, Missouri",3/31/1965,1890
ENPH,Enphase Energy,"'Enphase Energy': 'ENPH',",Information Technology,Electronic Components,"Fremont, California",1/7/2021,2006
EQIX,Equinix,"'Equinix': 'EQIX',",Real Estate,Specialized REITs,"Redwood City, California",3/20/2015,1998
EQR,Equity Residential,"'Equity Residential': 'EQR',",Real Estate,Residential REITs,"Chicago, Illinois",12/3/2001,1969
ES,Eversource Energy,"'Eversource Energy': 'ES',",Utilities,Multi-Utilities,"Hartford, Connecticut",,1966
ESS,"Essex Property Trust, Inc.","'Essex Property Trust, Inc.': 'ESS',",Real Estate,Residential REITs,"San Mateo, California",4/2/2014,1971
ETN,Eaton Corporation,"'Eaton Corporation': 'ETN',",Industrials,Electrical Components & Equipment,"Dublin, Ireland",,1911
ETR,Entergy Corp.,"'Entergy Corp.': 'ETR',",Utilities,Electric Utilities,"New Orleans, Louisiana",3/4/1957,1913
ETSY,Etsy,"'Etsy': 'ETSY',",Consumer Discretionary,Internet & Direct Marketing Retail,"Brooklyn, New York",9/21/2020,2005
EVRG,Evergy,"'Evergy': 'EVRG',",Utilities,Electric Utilities,"Kansas City, Missouri",6/5/2018,1909
EW,Edwards Lifesciences,"'Edwards Lifesciences': 'EW',",Health Care,Health Care Equipment,"Irvine, California",4/1/2011,1958
EXC,Exelon Corp.,"'Exelon Corp.': 'EXC',",Utilities,Multi-Utilities,"Chicago, Illinois",3/4/1957,2000
EXPD,Expeditors,"'Expeditors': 'EXPD',",Industrials,Air Freight & Logistics,"Seattle, Washington",10/10/2007,1979
EXPE,Expedia Group,"'Expedia Group': 'EXPE',",Consumer Discretionary,Internet & Direct Marketing Retail,"Seattle, Washington",10/2/2007,1996
EXR,Extra Space Storage,"'Extra Space Storage': 'EXR',",Real Estate,Specialized REITs,"Salt Lake City, Utah",1/19/2016,1977
F,Ford Motor Company,"'Ford Motor Company': 'F',",Consumer Discretionary,Automobile Manufacturers,"Dearborn, Michigan",3/4/1957,1903
FANG,Diamondback Energy,"'Diamondback Energy': 'FANG',",Energy,Oil & Gas Exploration & Production,"Midland, Texas",12/3/2018,2007
FAST,Fastenal Co,"'Fastenal Co': 'FAST',",Industrials,Building Products,"Winona, Minnesota",9/15/2008,1967
FB,"Facebook, Inc.","'Facebook, Inc.': 'FB',",Communication Services,Interactive Media & Services,"Menlo Park, California",12/23/2013,2004
FBHS,Fortune Brands Home & Security,"'Fortune Brands Home & Security': 'FBHS',",Industrials,Building Products,"Deerfield, Illinois",6/22/2016,2011 (1969)
FCX,Freeport-McMoRan Inc.,"'Freeport-McMoRan Inc.': 'FCX',",Materials,Copper,"Phoenix, Arizona",,1912
FDX,FedEx Corporation,"'FedEx Corporation': 'FDX',",Industrials,Air Freight & Logistics,"Memphis, Tennessee",12/31/1980,1971
FE,FirstEnergy Corp,"'FirstEnergy Corp': 'FE',",Utilities,Electric Utilities,"Akron, Ohio",,1997
FFIV,F5 Networks,"'F5 Networks': 'FFIV',",Information Technology,Communications Equipment,"Seattle, Washington",12/20/2010,1996
FIS,Fidelity National Information Services,"'Fidelity National Information Services': 'FIS',",Information Technology,Data Processing & Outsourced Services,"Jacksonville, Florida",11/10/2006,1968
FISV,Fiserv Inc,"'Fiserv Inc': 'FISV',",Information Technology,Data Processing & Outsourced Services,"Brookfield, Wisconsin",4/2/2001,1984
FITB,Fifth Third Bancorp,"'Fifth Third Bancorp': 'FITB',",Financials,Regional Banks,"Cincinnati, Ohio",,1858
FLT,FleetCor Technologies Inc,"'FleetCor Technologies Inc': 'FLT',",Information Technology,Data Processing & Outsourced Services,"Norcross, Georgia",6/20/2018,2000
FMC,FMC Corporation,"'FMC Corporation': 'FMC',",Materials,Fertilizers & Agricultural Chemicals,"Philadelphia, Pennsylvania",8/19/2009,1883
FOX,Fox Corporation (Class B),"'Fox Corporation (Class B)': 'FOX',",Communication Services,Movies & Entertainment,"New York, New York",9/18/2015,2019
FOXA,Fox Corporation (Class A),"'Fox Corporation (Class A)': 'FOXA',",Communication Services,Movies & Entertainment,"New York, New York",7/1/2013,2019
FRC,First Republic Bank,"'First Republic Bank': 'FRC',",Financials,Regional Banks,"San Francisco, California",1/2/2019,1985
FRT,Federal Realty Investment Trust,"'Federal Realty Investment Trust': 'FRT',",Real Estate,Retail REITs,"Rockville, Maryland",2/1/2016,1962
FTNT,Fortinet,"'Fortinet': 'FTNT',",Information Technology,Systems Software,"Sunnyvale, California",10/11/2018,2000
FTV,Fortive Corp,"'Fortive Corp': 'FTV',",Industrials,Industrial Machinery,"Everett, Washington",7/1/2016,2016
GD,General Dynamics,"'General Dynamics': 'GD',",Industrials,Aerospace & Defense,"Falls Church, Virginia",3/4/1957,1899
GE,General Electric,"'General Electric': 'GE',",Industrials,Industrial Conglomerates,"Boston, Massachusetts",,1892
GILD,Gilead Sciences,"'Gilead Sciences': 'GILD',",Health Care,Biotechnology,"Foster City, California",7/1/2004,1987
GIS,General Mills,"'General Mills': 'GIS',",Consumer Staples,Packaged Foods & Meats,"Golden Valley, Minnesota",3/31/1969,1856
GL,Globe Life Inc.,"'Globe Life Inc.': 'GL',",Financials,Life & Health Insurance,"McKinney, Texas",4/30/1989,1900
GLW,Corning Inc.,"'Corning Inc.': 'GLW',",Information Technology,Electronic Components,"Corning, New York",,1851
GM,General Motors,"'General Motors': 'GM',",Consumer Discretionary,Automobile Manufacturers,"Detroit, Michigan",6/6/2013,1908
GNRC,Generac Holdings,"'Generac Holdings': 'GNRC',",Industrials,Electrical Components & Equipment,"Waukesha, Wisconsin",3/22/2021,1959
GOOG,Alphabet Inc. (Class C),"'Alphabet Inc. (Class C)': 'GOOG',",Communication Services,Interactive Media & Services,"Mountain View, California",4/3/2006,1998
GOOGL,Alphabet Inc. (Class A),"'Alphabet Inc. (Class A)': 'GOOGL',",Communication Services,Interactive Media & Services,"Mountain View, California",4/3/2014,1998
GPC,Genuine Parts,"'Genuine Parts': 'GPC',",Consumer Discretionary,Specialty Stores,"Atlanta, Georgia",12/31/1973,1925
GPN,Global Payments Inc.,"'Global Payments Inc.': 'GPN',",Information Technology,Data Processing & Outsourced Services,"Atlanta, Georgia",4/25/2016,2000
GPS,Gap Inc.,"'Gap Inc.': 'GPS',",Consumer Discretionary,Apparel Retail,"San Francisco, California",8/31/1986,1969
GRMN,Garmin Ltd.,"'Garmin Ltd.': 'GRMN',",Consumer Discretionary,Consumer Electronics,"Schaffhausen, Switzerland",12/12/2012,1989
GS,Goldman Sachs Group,"'Goldman Sachs Group': 'GS',",Financials,Investment Banking & Brokerage,"New York, New York",7/22/2002,1869
GWW,Grainger (W.W.) Inc.,"'Grainger (W.W.) Inc.': 'GWW',",Industrials,Industrial Machinery,"Lake Forest, Illinois",6/30/1981,1927
HAL,Halliburton Co.,"'Halliburton Co.': 'HAL',",Energy,Oil & Gas Equipment & Services,"Houston, Texas",3/4/1957,1919
HAS,Hasbro Inc.,"'Hasbro Inc.': 'HAS',",Consumer Discretionary,Leisure Products,"Pawtucket, Rhode Island",9/30/1984,1923
HBAN,Huntington Bancshares,"'Huntington Bancshares': 'HBAN',",Financials,Regional Banks,"Columbus, Ohio",,1866
HBI,Hanesbrands Inc,"'Hanesbrands Inc': 'HBI',",Consumer Discretionary,"Apparel, Accessories & Luxury Goods","Winston-Salem, North Carolina",3/20/2015,2000
HCA,HCA Healthcare,"'HCA Healthcare': 'HCA',",Health Care,Health Care Facilities,"Nashville, Tennessee",1/27/2015,1968
HD,Home Depot,"'Home Depot': 'HD',",Consumer Discretionary,Home Improvement Retail,"Atlanta, Georgia",3/31/1988,1978
HES,Hess Corporation,"'Hess Corporation': 'HES',",Energy,Integrated Oil & Gas,"New York, New York",5/31/1984,1919
HFC,HollyFrontier Corp,"'HollyFrontier Corp': 'HFC',",Energy,Oil & Gas Refining & Marketing,"Dallas, Texas",6/18/2018,1947
HIG,Hartford Financial Svc.Gp.,"'Hartford Financial Svc.Gp.': 'HIG',",Financials,Property & Casualty Insurance,"Hartford, Connecticut",3/4/1957,1810
HII,Huntington Ingalls Industries,"'Huntington Ingalls Industries': 'HII',",Industrials,Aerospace & Defense,"Newport News, Virginia",1/3/2018,2011
HLT,Hilton Worldwide Holdings Inc,"'Hilton Worldwide Holdings Inc': 'HLT',",Consumer Discretionary,"Hotels, Resorts & Cruise Lines","Tysons Corner, Virginia",6/19/2017,1919
HOLX,Hologic,"'Hologic': 'HOLX',",Health Care,Health Care Equipment,"Marlborough, Massachusetts",3/30/2016,1985
HON,Honeywell Int'l Inc.,"'Honeywell Int'l Inc.': 'HON',",Industrials,Industrial Conglomerates,"Charlotte, North Carolina",3/31/1964,1906
HPE,Hewlett Packard Enterprise,"'Hewlett Packard Enterprise': 'HPE',",Information Technology,"Technology Hardware, Storage & Peripherals","Houston, Texas",11/2/2015,2015
HPQ,HP Inc.,"'HP Inc.': 'HPQ',",Information Technology,"Technology Hardware, Storage & Peripherals","Palo Alto, California",12/31/1974,1939 (2015)
HRL,Hormel Foods Corp.,"'Hormel Foods Corp.': 'HRL',",Consumer Staples,Packaged Foods & Meats,"Austin, Minnesota",3/4/2009,1891
HSIC,Henry Schein,"'Henry Schein': 'HSIC',",Health Care,Health Care Distributors,"Melville, New York",3/17/2015,1932
HST,Host Hotels & Resorts,"'Host Hotels & Resorts': 'HST',",Real Estate,Hotel & Resort REITs,"Bethesda, Maryland",3/20/2007,1993
HSY,The Hershey Company,"'The Hershey Company': 'HSY',",Consumer Staples,Packaged Foods & Meats,"Hershey, Pennsylvania",3/4/1957,1894
HUM,Humana Inc.,"'Humana Inc.': 'HUM',",Health Care,Managed Health Care,"Louisville, Kentucky",,1961
HWM,Howmet Aerospace,"'Howmet Aerospace': 'HWM',",Industrials,Aerospace & Defense,"Pittsburgh, Pennsylvania",3/31/1964,2016
IBM,International Business Machines,"'International Business Machines': 'IBM',",Information Technology,IT Consulting & Other Services,"Armonk, New York",3/4/1957,1911
ICE,Intercontinental Exchange,"'Intercontinental Exchange': 'ICE',",Financials,Financial Exchanges & Data,"Atlanta, Georgia",9/26/2007,2000
IDXX,Idexx Laboratories,"'Idexx Laboratories': 'IDXX',",Health Care,Health Care Equipment,"Westbrook, Maine",1/5/2017,1983
IEX,IDEX Corporation,"'IDEX Corporation': 'IEX',",Industrials,Industrial Machinery,"Lake Forest, Illinois",8/9/2019,1988
IFF,International Flavors & Fragrances,"'International Flavors & Fragrances': 'IFF',",Materials,Specialty Chemicals,"New York, New York",3/31/1976,1958 (1889)
ILMN,Illumina Inc,"'Illumina Inc': 'ILMN',",Health Care,Life Sciences Tools & Services,"San Diego, California",11/19/2015,1998
INCY,Incyte,"'Incyte': 'INCY',",Health Care,Biotechnology,"Wilmington, Delaware",2/28/2017,1991
INFO,IHS Markit,"'IHS Markit': 'INFO',",Industrials,Research & Consulting Services,"London, United Kingdom",6/2/2017,1959
INTC,Intel Corp.,"'Intel Corp.': 'INTC',",Information Technology,Semiconductors,"Santa Clara, California",12/31/1976,1968
INTU,Intuit Inc.,"'Intuit Inc.': 'INTU',",Information Technology,Application Software,"Mountain View, California",12/5/2000,1983
IP,International Paper,"'International Paper': 'IP',",Materials,Paper Packaging,"Memphis, Tennessee",3/4/1957,1898
IPG,Interpublic Group,"'Interpublic Group': 'IPG',",Communication Services,Advertising,"New York, New York",10/1/1992,1961 (1930)
IPGP,IPG Photonics Corp.,"'IPG Photonics Corp.': 'IPGP',",Information Technology,Electronic Manufacturing Services,"Oxford, Massachusetts",3/7/2018,1990
IQV,IQVIA Holdings Inc.,"'IQVIA Holdings Inc.': 'IQV',",Health Care,Life Sciences Tools & Services,"Durham, North Carolina",8/29/2017,1982
IR,Ingersoll Rand,"'Ingersoll Rand': 'IR',",Industrials,Industrial Machinery,"Milwaukee, Wisconsin",3/3/2020,1859
IRM,Iron Mountain Incorporated,"'Iron Mountain Incorporated': 'IRM',",Real Estate,Specialized REITs,"Boston, Massachusetts",1/6/2009,1951
ISRG,Intuitive Surgical Inc.,"'Intuitive Surgical Inc.': 'ISRG',",Health Care,Health Care Equipment,"Sunnyvale, California",6/2/2008,1995
IT,Gartner Inc,"'Gartner Inc': 'IT',",Information Technology,IT Consulting & Other Services,"Stamford, Connecticut",4/5/2017,1979
ITW,Illinois Tool Works,"'Illinois Tool Works': 'ITW',",Industrials,Industrial Machinery,"Glenview, Illinois",2/28/1986,1912
IVZ,Invesco Ltd.,"'Invesco Ltd.': 'IVZ',",Financials,Asset Management & Custody Banks,"Atlanta, Georgia",8/21/2008,1935
J,Jacobs Engineering Group,"'Jacobs Engineering Group': 'J',",Industrials,Construction & Engineering,"Dallas, Texas",10/26/2007,1947
JBHT,J. B. Hunt Transport Services,"'J. B. Hunt Transport Services': 'JBHT',",Industrials,Trucking,"Lowell, Arkansas",7/1/2015,1961
JKHY,Jack Henry & Associates,"'Jack Henry & Associates': 'JKHY',",Information Technology,Data Processing & Outsourced Services,"Monett, Missouri",11/13/2018,1976
JNJ,Johnson & Johnson,"'Johnson & Johnson': 'JNJ',",Health Care,Pharmaceuticals,"New Brunswick, New Jersey",6/30/1973,1886
JNPR,Juniper Networks,"'Juniper Networks': 'JNPR',",Information Technology,Communications Equipment,"Sunnyvale, California",6/2/2006,1996
JPM,JPMorgan Chase & Co.,"'JPMorgan Chase & Co.': 'JPM',",Financials,Diversified Banks,"New York, New York",6/30/1975,2000 (1799 / 1871)
K,Kellogg Co.,"'Kellogg Co.': 'K',",Consumer Staples,Packaged Foods & Meats,"Battle Creek, Michigan",,1906
KEY,KeyCorp,"'KeyCorp': 'KEY',",Financials,Regional Banks,"Cleveland, Ohio",3/1/1994,1825
KEYS,Keysight Technologies,"'Keysight Technologies': 'KEYS',",Information Technology,Electronic Equipment & Instruments,"Santa Rosa, California",11/6/2018,2014
KIM,Kimco Realty,"'Kimco Realty': 'KIM',",Real Estate,Retail REITs,"New Hyde Park, New York",4/4/2006,1958
KLAC,KLA Corporation,"'KLA Corporation': 'KLAC',",Information Technology,Semiconductor Equipment,"Milpitas, California",,1975/1977 (1997)
KMB,Kimberly-Clark,"'Kimberly-Clark': 'KMB',",Consumer Staples,Household Products,"Irving, Texas",3/4/1957,1872
KMI,Kinder Morgan,"'Kinder Morgan': 'KMI',",Energy,Oil & Gas Storage & Transportation,"Houston, Texas",5/25/2012,1997
KMX,Carmax Inc,"'Carmax Inc': 'KMX',",Consumer Discretionary,Specialty Stores,"Richmond, Virginia",6/28/2010,1993
KO,Coca-Cola Company,"'Coca-Cola Company': 'KO',",Consumer Staples,Soft Drinks,"Atlanta, Georgia",3/4/1957,1886
KR,Kroger Co.,"'Kroger Co.': 'KR',",Consumer Staples,Food Retail,"Cincinnati, Ohio",3/4/1957,1883
KSU,Kansas City Southern,"'Kansas City Southern': 'KSU',",Industrials,Railroads,"Kansas City, Missouri",5/24/2013,1887
L,Loews Corp.,"'Loews Corp.': 'L',",Financials,Multi-line Insurance,"New York, New York",,1959
LB,L Brands Inc.,"'L Brands Inc.': 'LB',",Consumer Discretionary,Apparel Retail,"Columbus, Ohio",9/30/1983,1963
LDOS,Leidos Holdings,"'Leidos Holdings': 'LDOS',",Industrials,Diversified Support Services,"Reston, Virginia",8/9/2019,1969
LEG,Leggett & Platt,"'Leggett & Platt': 'LEG',",Consumer Discretionary,Home Furnishings,"Carthage, Missouri",,1883
LEN,Lennar Corp.,"'Lennar Corp.': 'LEN',",Consumer Discretionary,Homebuilding,"Miami, Florida",10/4/2005,1954
LH,Laboratory Corp. of America Holding,"'Laboratory Corp. of America Holding': 'LH',",Health Care,Health Care Services,"Burlington, North Carolina",11/1/2004,1978
LHX,L3Harris Technologies,"'L3Harris Technologies': 'LHX',",Industrials,Aerospace & Defense,"Melbourne, Florida",9/22/2008,2019 (1895)
LIN,Linde plc,"'Linde plc': 'LIN',",Materials,Industrial Gases,"Guildford, Surrey, United Kingdom",7/1/1992,1879
LKQ,LKQ Corporation,"'LKQ Corporation': 'LKQ',",Consumer Discretionary,Distributors,"Chicago, Illinois",5/23/2016,1998
LLY,Lilly (Eli) & Co.,"'Lilly (Eli) & Co.': 'LLY',",Health Care,Pharmaceuticals,"Indianapolis, Indiana",12/31/1970,1876
LMT,Lockheed Martin Corp.,"'Lockheed Martin Corp.': 'LMT',",Industrials,Aerospace & Defense,"Bethesda, Maryland",7/31/1984,1995
LNC,Lincoln National,"'Lincoln National': 'LNC',",Financials,Multi-line Insurance,"Radnor, Pennsylvania",6/30/1976,1905
LOW,Lowe's Cos.,"Lowes Cos.': 'LOW',",Consumer Discretionary,Home Improvement Retail,"Mooresville, North Carolina",2/29/1984,1904/1946/1959
LRCX,Lam Research,"'Lam Research': 'LRCX',",Information Technology,Semiconductor Equipment,"Fremont, California",6/29/2012,1980
LUMN,Lumen Technologies,"'Lumen Technologies': 'LUMN',",Communication Services,Alternative Carriers,"Monroe, Louisiana",3/25/1999,1983 (1877)
LUV,Southwest Airlines,"southwest Airlines': 'LUV',",Industrials,Airlines,"Dallas, Texas",7/1/1994,1967
LVS,Las Vegas Sands,"'Las Vegas Sands': 'LVS',",Consumer Discretionary,Casinos & Gaming,"Las Vegas, Nevada",10/3/2019,1988
LYB,LyondellBasell,"'LyondellBasell': 'LYB',",Materials,Specialty Chemicals,"Rotterdam, Netherlands",9/5/2012,2007
LYV,Live Nation Entertainment,"'Live Nation Entertainment': 'LYV',",Communication Services,Movies & Entertainment,"Beverly Hills, California",12/23/2019,2010
MA,Mastercard Inc.,"'Mastercard Inc.': 'MA',",Information Technology,Data Processing & Outsourced Services,"Harrison, New York",7/18/2008,1966
MAA,Mid-America Apartments,"'Mid-America Apartments': 'MAA',",Real Estate,Residential REITs,"Memphis, Tennessee",12/2/2016,1977
MAR,Marriott International,"'Marriott International': 'MAR',",Consumer Discretionary,"Hotels, Resorts & Cruise Lines","Bethesda, Maryland",,1927
MAS,Masco Corp.,"'Masco Corp.': 'MAS',",Industrials,Building Products,"Livonia, Michigan",6/30/1981,1929
MCD,McDonald's Corp.,"McDonalds Corp.': 'MCD',",Consumer Discretionary,Restaurants,"Chicago, Illinois",6/30/1970,1940
MCHP,Microchip Technology,"'Microchip Technology': 'MCHP',",Information Technology,Semiconductors,"Chandler, Arizona",9/7/2007,1989
MCK,McKesson Corp.,"'McKesson Corp.': 'MCK',",Health Care,Health Care Distributors,"Irving, Texas",,1833
MCO,Moody's Corp,"Moodys Corp': 'MCO',",Financials,Financial Exchanges & Data,"New York, New York",,1909
MDLZ,Mondelez International,"'Mondelez International': 'MDLZ',",Consumer Staples,Packaged Foods & Meats,"Chicago, Illinois",10/2/2012,2012
MDT,Medtronic plc,"'Medtronic plc': 'MDT',",Health Care,Health Care Equipment,"Dublin, Ireland",10/31/1986,1949
MET,MetLife Inc.,"'MetLife Inc.': 'MET',",Financials,Life & Health Insurance,"New York, New York",,1868
MGM,MGM Resorts International,"'MGM Resorts International': 'MGM',",Consumer Discretionary,Casinos & Gaming,"Paradise, Nevada",7/26/2017,1986
MHK,Mohawk Industries,"'Mohawk Industries': 'MHK',",Consumer Discretionary,Home Furnishings,"Calhoun, Georgia",12/23/2013,1878
MKC,McCormick & Co.,"'McCormick & Co.': 'MKC',",Consumer Staples,Packaged Foods & Meats,"Hunt Valley, Maryland",,1889
MKTX,MarketAxess,"'MarketAxess': 'MKTX',",Financials,Financial Exchanges & Data,"New York, New York",7/1/2019,2000
MLM,Martin Marietta Materials,"'Martin Marietta Materials': 'MLM',",Materials,Construction Materials,"Raleigh, North Carolina",7/2/2014,1993
MMC,Marsh & McLennan,"'Marsh & McLennan': 'MMC',",Financials,Insurance Brokers,"New York, New York",8/31/1987,1905
MMM,3M Company,"'3M Company': 'MMM',",Industrials,Industrial Conglomerates,"St. Paul, Minnesota",8/9/1976,1902
MNST,Monster Beverage,"'Monster Beverage': 'MNST',",Consumer Staples,Soft Drinks,"Corona, California",6/28/2012,2012 (1935)
MO,Altria Group Inc,"'Altria Group Inc': 'MO',",Consumer Staples,Tobacco,"Richmond, Virginia",3/4/1957,1985
MOS,The Mosaic Company,"'The Mosaic Company': 'MOS',",Materials,Fertilizers & Agricultural Chemicals,"Tampa, Florida",9/26/2011,2004 (1865 / 1909)
MPC,Marathon Petroleum,"'Marathon Petroleum': 'MPC',",Energy,Oil & Gas Refining & Marketing,"Findlay, Ohio",7/1/2011,2009 (1887)
MPWR,Monolithic Power Systems,"'Monolithic Power Systems': 'MPWR',",Information Technology,Semiconductors,"Kirkland, Washington",2/12/2021,1997
MRK,Merck & Co.,"'Merck & Co.': 'MRK',",Health Care,Pharmaceuticals,"Kenilworth, New Jersey",3/4/1957,1891
MRO,Marathon Oil Corp.,"'Marathon Oil Corp.': 'MRO',",Energy,Oil & Gas Exploration & Production,"Houston, Texas",5/1/1991,1887
MS,Morgan Stanley,"'Morgan Stanley': 'MS',",Financials,Investment Banking & Brokerage,"New York, New York",,1935
MSCI,MSCI Inc,"'MSCI Inc': 'MSCI',",Financials,Financial Exchanges & Data,"New York, New York",4/4/2018,1969
MSFT,Microsoft Corp.,"'Microsoft Corp.': 'MSFT',",Information Technology,Systems Software,"Redmond, Washington",6/1/1994,1975
MSI,Motorola Solutions Inc.,"'Motorola Solutions Inc.': 'MSI',",Information Technology,Communications Equipment,"Chicago, Illinois",,1928 (2011)
MTB,M&T Bank,"'M&T Bank': 'MTB',",Financials,Regional Banks,"Buffalo, New York",2/23/2004,1856
MTD,Mettler Toledo,"'Mettler Toledo': 'MTD',",Health Care,Life Sciences Tools & Services,"Columbus, Ohio",9/6/2016,1945
MU,Micron Technology,"'Micron Technology': 'MU',",Information Technology,Semiconductors,"Boise, Idaho",9/27/1994,1978
MXIM,Maxim Integrated Products,"'Maxim Integrated Products': 'MXIM',",Information Technology,Semiconductors,"San Jose, California",12/3/2018,1983
NCLH,Norwegian Cruise Line Holdings,"'Norwegian Cruise Line Holdings': 'NCLH',",Consumer Discretionary,"Hotels, Resorts & Cruise Lines","Miami, Florida",10/13/2017,2011 (1966)
NDAQ,"Nasdaq, Inc.","'Nasdaq, Inc.': 'NDAQ',",Financials,Financial Exchanges & Data,"New York, New York",10/22/2008,1971
NEE,NextEra Energy,"'NextEra Energy': 'NEE',",Utilities,Multi-Utilities,"Juno Beach, Florida",6/30/1976,1984 (1925)
NEM,Newmont Corporation,"'Newmont Corporation': 'NEM',",Materials,Gold,"Denver, Colorado",6/30/1969,1921
NFLX,Netflix Inc.,"'Netflix Inc.': 'NFLX',",Communication Services,Movies & Entertainment,"Los Gatos, California",12/20/2010,1997
NI,NiSource Inc.,"'NiSource Inc.': 'NI',",Utilities,Multi-Utilities,"Merrillville, Indiana",,1912
NKE,"Nike, Inc.","'Nike, Inc.': 'NKE',",Consumer Discretionary,"Apparel, Accessories & Luxury Goods","Washington County, Oregon",11/30/1988,1964
NLOK,NortonLifeLock,"'NortonLifeLock': 'NLOK',",Information Technology,Application Software,"Tempe, Arizona",3/25/2003,1982
NLSN,Nielsen Holdings,"'Nielsen Holdings': 'NLSN',",Industrials,Research & Consulting Services,"New York, New York",7/9/2013,1923
NOC,Northrop Grumman,"'Northrop Grumman': 'NOC',",Industrials,Aerospace & Defense,"West Falls Church, Virginia",6/30/1985,"1994 (Northrop 1939, Grumman 1930)"
NOV,NOV Inc.,"'NOV Inc.': 'NOV',",Energy,Oil & Gas Equipment & Services,"Houston, Texas",3/14/2005,1841
NOW,ServiceNow,"serviceNow': 'NOW',",Information Technology,Systems Software,"Santa Clara, California",11/21/2019,2003
NRG,NRG Energy,"'NRG Energy': 'NRG',",Utilities,Independent Power Producers & Energy Traders,"Houston, Texas",1/29/2010,1992
NSC,Norfolk Southern Corp.,"'Norfolk Southern Corp.': 'NSC',",Industrials,Railroads,"Norfolk, Virginia",3/4/1957,1881/1894 (1980)
NTAP,NetApp,"'NetApp': 'NTAP',",Information Technology,"Technology Hardware, Storage & Peripherals","Sunnyvale, California",6/25/1999,1992
NTRS,Northern Trust Corp.,"'Northern Trust Corp.': 'NTRS',",Financials,Asset Management & Custody Banks,"Chicago, Illinois",,1889
NUE,Nucor Corp.,"'Nucor Corp.': 'NUE',",Materials,Steel,"Charlotte, North Carolina",4/30/1985,1940
NVDA,Nvidia Corporation,"'Nvidia Corporation': 'NVDA',",Information Technology,Semiconductors,"Santa Clara, California",11/30/2001,1993
NVR,"NVR, Inc.","'NVR, Inc.': 'NVR',",Consumer Discretionary,Homebuilding,"Reston, Virginia",9/26/2019,1980
NWL,Newell Brands,"'Newell Brands': 'NWL',",Consumer Discretionary,Housewares & Specialties,"Atlanta, Georgia",4/30/1989,1903
NWS,News Corp (Class B),"'News Corp (Class B)': 'NWS',",Communication Services,Publishing,"New York, New York",9/18/2015,2013 (1980)
NXPI,NXP Semiconductors,"'NXP Semiconductors': 'NXPI',",Information Technology,Semiconductors,"Eindhoven, Netherlands",3/22/2021,1953
O,Realty Income Corporation,"'Realty Income Corporation': 'O',",Real Estate,Retail REITs,"San Diego, California",4/7/2015,1969
ODFL,Old Dominion Freight Line,"'Old Dominion Freight Line': 'ODFL',",Industrials,Trucking,"Thomasville, North Carolina",12/9/2019,1934
OKE,Oneok,"'Oneok': 'OKE',",Energy,Oil & Gas Storage & Transportation,"Tulsa, Oklahoma",3/15/2010,1906
OMC,Omnicom Group,"'Omnicom Group': 'OMC',",Communication Services,Advertising,"New York, New York",,1986
ORCL,Oracle Corp.,"'Oracle Corp.': 'ORCL',",Information Technology,Application Software,"Austin, Texas",8/31/1989,1977
ORLY,O'Reilly Automotive,"'O'Reilly Automotive': 'ORLY',",Consumer Discretionary,Specialty Stores,"Springfield, Missouri",3/27/2009,1957
OTIS,Otis Worldwide,"'Otis Worldwide': 'OTIS',",Industrials,Industrial Machinery,"Farmington, Connecticut",4/3/2020,2020 (1853)
OXY,Occidental Petroleum,"'Occidental Petroleum': 'OXY',",Energy,Oil & Gas Exploration & Production,"Houston, Texas",12/31/1982,1920
PAYC,Paycom,"'Paycom': 'PAYC',",Information Technology,Application Software,"Oklahoma City, Oklahoma",1/28/2020,1998
PAYX,Paychex Inc.,"'Paychex Inc.': 'PAYX',",Information Technology,Data Processing & Outsourced Services,"Penfield, New York",,1971
PBCT,People's United Financial,"Peoples United Financial': 'PBCT',",Financials,Thrifts & Mortgage Finance,"Bridgeport, Connecticut",11/13/2008,1842
PCAR,Paccar,"'Paccar': 'PCAR',",Industrials,Construction Machinery & Heavy Trucks,"Bellevue, Washington",12/31/1980,1905
PEAK,Healthpeak Properties,"'Healthpeak Properties': 'PEAK',",Real Estate,Health Care REITs,"Long Beach, California",3/31/2008,1985
PEG,Public Service Enterprise Group (PSEG),"'Public Service Enterprise Group (PSEG)': 'PEG',",Utilities,Electric Utilities,"Newark, New Jersey",3/4/1957,1903
PENN,Penn National Gaming,"'Penn National Gaming': 'PENN',",Consumer Discretionary,Casinos & Gaming,"Wyomissing, Pennsylvania",3/22/2021,1972
PEP,PepsiCo Inc.,"'PepsiCo Inc.': 'PEP',",Consumer Staples,Soft Drinks,"Purchase, New York",3/4/1957,1898
PFE,Pfizer Inc.,"'Pfizer Inc.': 'PFE',",Health Care,Pharmaceuticals,"New York, New York",3/4/1957,1849
PFG,Principal Financial Group,"'Principal Financial Group': 'PFG',",Financials,Life & Health Insurance,"Des Moines, Iowa",7/22/2002,1879
PG,Procter & Gamble,"'Procter & Gamble': 'PG',",Consumer Staples,Personal Products,"Cincinnati, Ohio",3/4/1957,1837
PGR,Progressive Corp.,"'Progressive Corp.': 'PGR',",Financials,Property & Casualty Insurance,"Mayfield Village, Ohio",8/4/1997,1937
PH,Parker-Hannifin,"'Parker-Hannifin': 'PH',",Industrials,Industrial Machinery,"Cleveland, Ohio",11/30/1985,1917
PHM,PulteGroup,"'PulteGroup': 'PHM',",Consumer Discretionary,Homebuilding,"Atlanta, Georgia",4/30/1984,1956
PKG,Packaging Corporation of America,"'Packaging Corporation of America': 'PKG',",Materials,Paper Packaging,"Lake Forest, Illinois",7/26/2017,1959
PKI,PerkinElmer,"'PerkinElmer': 'PKI',",Health Care,Health Care Equipment,"Waltham, Massachusetts",5/31/1985,1937
PLD,Prologis,"'Prologis': 'PLD',",Real Estate,Industrial REITs,"San Francisco, California",7/17/2003,1983
PM,Philip Morris International,"'Philip Morris International': 'PM',",Consumer Staples,Tobacco,"New York, New York",3/31/2008,2008 (1847)
PNC,PNC Financial Services,"'PNC Financial Services': 'PNC',",Financials,Regional Banks,"Pittsburgh, Pennsylvania",4/30/1988,1845
PNR,Pentair plc,"'Pentair plc': 'PNR',",Industrials,Industrial Machinery,"Worsley, UK",10/1/2012,1966
PNW,Pinnacle West Capital,"'Pinnacle West Capital': 'PNW',",Utilities,Multi-Utilities,"Phoenix, Arizona",,1985
POOL,Pool Corporation,"'Pool Corporation': 'POOL',",Consumer Discretionary,Distributors,"Covington, Louisiana",10/7/2020,1993
PPG,PPG Industries,"'PPG Industries': 'PPG',",Materials,Specialty Chemicals,"Pittsburgh, Pennsylvania",3/4/1957,1883
PPL,PPL Corp.,"'PPL Corp.': 'PPL',",Utilities,Electric Utilities,"Allentown, Pennsylvania",,1920
PRGO,Perrigo,"'Perrigo': 'PRGO',",Health Care,Pharmaceuticals,"Dublin, Ireland",12/19/2011,2013 (1887)
PRU,Prudential Financial,"'Prudential Financial': 'PRU',",Financials,Life & Health Insurance,"Newark, New Jersey",7/22/2002,1875
PSA,Public Storage,"'Public Storage': 'PSA',",Real Estate,Specialized REITs,"Glendale, California",8/19/2005,1972
PSX,Phillips 66,"'Phillips 66': 'PSX',",Energy,Oil & Gas Refining & Marketing,"Houston, Texas",5/1/2012,2012 (1917)
PTC,PTC Inc,"'PTC Inc': 'PTC',",Information Technology,Application Software,"Boston, Massachusetts",4/20/2021,1985
PVH,PVH Corp.,"'PVH Corp.': 'PVH',",Consumer Discretionary,"Apparel, Accessories & Luxury Goods","New York, New York",2/15/2013,1881
PWR,Quanta Services Inc.,"'Quanta Services Inc.': 'PWR',",Industrials,Construction & Engineering,"Houston, Texas",7/1/2009,1997
PXD,Pioneer Natural Resources,"'Pioneer Natural Resources': 'PXD',",Energy,Oil & Gas Exploration & Production,"Irving, Texas",9/24/2008,1997
PYPL,PayPal,"'PayPal': 'PYPL',",Information Technology,Data Processing & Outsourced Services,"San Jose, California",7/20/2015,1998
QCOM,Qualcomm,"'Qualcomm': 'QCOM',",Information Technology,Semiconductors,"San Diego, California",,1985
QRVO,Qorvo,"'Qorvo': 'QRVO',",Information Technology,Semiconductors,"Greensboro, North Carolina",6/11/2015,2015
RCL,Royal Caribbean Group,"'Royal Caribbean Group': 'RCL',",Consumer Discretionary,"Hotels, Resorts & Cruise Lines","Miami, Florida",12/5/2014,1997
RE,Everest Re Group Ltd.,"'Everest Re Group Ltd.': 'RE',",Financials,Reinsurance,"Hamilton, Bermuda",6/19/2017,1973
REG,Regency Centers Corporation,"'Regency Centers Corporation': 'REG',",Real Estate,Retail REITs,"Jacksonville, Florida",3/2/2017,1963
REGN,Regeneron Pharmaceuticals,"'Regeneron Pharmaceuticals': 'REGN',",Health Care,Biotechnology,"Tarrytown, New York",5/1/2013,1988
RF,Regions Financial Corp.,"'Regions Financial Corp.': 'RF',",Financials,Regional Banks,"Birmingham, Alabama",8/28/1998,1971
RHI,Robert Half International,"'Robert Half International': 'RHI',",Industrials,Human Resource & Employment Services,"Menlo Park, California",12/5/2000,1948
RJF,Raymond James Financial,"'Raymond James Financial': 'RJF',",Financials,Investment Banking & Brokerage,"St. Petersburg, Florida",3/20/2017,1962
RL,Ralph Lauren Corporation,"'Ralph Lauren Corporation': 'RL',",Consumer Discretionary,"Apparel, Accessories & Luxury Goods","New York, New York",2/2/2007,1967
RMD,ResMed,"'ResMed': 'RMD',",Health Care,Health Care Equipment,"San Diego, California",7/26/2017,1989
ROK,Rockwell Automation Inc.,"'Rockwell Automation Inc.': 'ROK',",Industrials,Electrical Components & Equipment,"Milwaukee, Wisconsin",,1903
ROL,"Rollins, Inc.","'Rollins, Inc.': 'ROL',",Industrials,Environmental & Facilities Services,"Atlanta, Georgia",10/1/2018,1948
ROP,Roper Technologies,"'Roper Technologies': 'ROP',",Industrials,Industrial Conglomerates,"Sarasota, Florida",12/23/2009,1981
ROST,Ross Stores,"'Ross Stores': 'ROST',",Consumer Discretionary,Apparel Retail,"Dublin, California",12/21/2009,1982
RSG,Republic Services Inc,"'Republic Services Inc': 'RSG',",Industrials,Environmental & Facilities Services,"Phoenix, Arizona",12/5/2008,1998 (1981)
RTX,Raytheon Technologies,"'Raytheon Technologies': 'RTX',",Industrials,Aerospace & Defense,"Waltham, Massachusetts",,1922
SBAC,SBA Communications,"sBA Communications': sBAC',",Real Estate,Specialized REITs,"Boca Raton, Florida",9/1/2017,1989
SBUX,Starbucks Corp.,"starbucks Corp.': sBUX',",Consumer Discretionary,Restaurants,"Seattle, Washington",,1971
SCHW,Charles Schwab Corporation,"Charles Schwab Corporation': sCHW',",Financials,Investment Banking & Brokerage,"Westlake, Texas",6/2/1997,1971
SEE,Sealed Air,"sealed Air': sEE',",Materials,Paper Packaging,"Charlotte, North Carolina",3/4/1957,1960
SHW,Sherwin-Williams,"sherwin-Williams': sHW',",Materials,Specialty Chemicals,"Cleveland, Ohio",6/30/1964,1866
SIVB,SVB Financial,"sVB Financial': sIVB',",Financials,Regional Banks,"Santa Clara, California",3/19/2018,1983
SJM,JM Smucker,"JM Smucker': sJM',",Consumer Staples,Packaged Foods & Meats,"Orrville, Ohio",11/6/2008,1897
SLB,Schlumberger Ltd.,"schlumberger Ltd.': sLB',",Energy,Oil & Gas Equipment & Services,"Curaçao, Kingdom of the Netherlands",3/31/1965,1926
SNA,Snap-on,"snap-on': sNA',",Industrials,Industrial Machinery,"Kenosha, Wisconsin",9/30/1982,1920
SNPS,Synopsys Inc.,"synopsys Inc.': sNPS',",Information Technology,Application Software,"Mountain View, California",3/16/2017,1986
SO,Southern Company,"southern Company': sO',",Utilities,Electric Utilities,"Atlanta, Georgia",3/4/1957,1945
SPG,Simon Property Group Inc,"simon Property Group Inc': sPG',",Real Estate,Retail REITs,"Indianapolis, Indiana",6/26/2002,2003
SPGI,S&P Global Inc.,"s&P Global Inc.': sPGI',",Financials,Financial Exchanges & Data,"New York, New York",,1917
SRE,Sempra Energy,"sempra Energy': sRE',",Utilities,Multi-Utilities,"San Diego, California",,1998
STE,Steris,"steris': sTE',",Health Care,Health Care Equipment,"Dublin, Ireland",12/23/2019,1985
STT,State Street Corp.,"state Street Corp.': sTT',",Financials,Asset Management & Custody Banks,"Boston, Massachusetts",,1792
STX,Seagate Technology,"seagate Technology': sTX',",Information Technology,"Technology Hardware, Storage & Peripherals","Dublin, Ireland",7/2/2012,1979
STZ,Constellation Brands,"Constellation Brands': sTZ',",Consumer Staples,Distillers & Vintners,"Victor, New York",7/1/2005,1945
SWK,Stanley Black & Decker,"stanley Black & Decker': sWK',",Industrials,Industrial Machinery,"New Britain, Connecticut",9/30/1982,1843
SWKS,Skyworks Solutions,"skyworks Solutions': sWKS',",Information Technology,Semiconductors,"Woburn, Massachusetts",3/12/2015,2002
SYF,Synchrony Financial,"synchrony Financial': sYF',",Financials,Consumer Finance,"Stamford, Connecticut",11/18/2015,2003
SYK,Stryker Corp.,"stryker Corp.': sYK',",Health Care,Health Care Equipment,"Kalamazoo, Michigan",12/12/2000,1941
T,AT&T Inc.,"'AT&T Inc.': 'T',",Communication Services,Integrated Telecommunication Services,"Dallas, Texas",1983-11-30 (1957-03-04),1983 (1885)
TAP,Molson Coors Beverage Company,"'Molson Coors Beverage Company': 'TAP',",Consumer Staples,Brewers,"Denver, Colorado",6/30/1976,"2005 (Molson 1786, Coors 1873)"
TDG,TransDigm Group,"'TransDigm Group': 'TDG',",Industrials,Aerospace & Defense,"Cleveland, Ohio",6/3/2016,1993
TDY,Teledyne Technologies,"'Teledyne Technologies': 'TDY',",Industrials,Aerospace & Defense,"Thousand Oaks, California",6/22/2020,1960
TEL,TE Connectivity Ltd.,"'TE Connectivity Ltd.': 'TEL',",Information Technology,Electronic Manufacturing Services,"Schaffhausen, Switzerland",10/17/2011,2007
TER,Teradyne,"'Teradyne': 'TER',",Information Technology,Semiconductor Equipment,"North Reading, Massachusetts",9/21/2020,1960
TFC,Truist Financial,"'Truist Financial': 'TFC',",Financials,Regional Banks,"Charlotte, North Carolina",12/4/1997,1872
TFX,Teleflex,"'Teleflex': 'TFX',",Health Care,Health Care Equipment,"Wayne, Pennsylvania",1/18/2019,1943
TGT,Target Corp.,"'Target Corp.': 'TGT',",Consumer Discretionary,General Merchandise Stores,"Minneapolis, Minnesota",12/31/1976,1902
TJX,TJX Companies Inc.,"'TJX Companies Inc.': 'TJX',",Consumer Discretionary,Apparel Retail,"Framingham, Massachusetts",9/30/1985,1987
TMO,Thermo Fisher Scientific,"'Thermo Fisher Scientific': 'TMO',",Health Care,Life Sciences Tools & Services,"Waltham, Massachusetts",8/3/2004,2006 (1902)
TMUS,T-Mobile US,"'T-Mobile US': 'TMUS',",Communication Services,Wireless Telecommunication Services,"Bellevue, Washington",7/15/2019,1994
TPR,"Tapestry, Inc.","'Tapestry, Inc.': 'TPR',",Consumer Discretionary,"Apparel, Accessories & Luxury Goods","New York, New York",,2017
TRMB,Trimble Inc.,"'Trimble Inc.': 'TRMB',",Information Technology,Electronic Equipment & Instruments,"Sunnyvale, California",1/21/2021,1978
TROW,T. Rowe Price Group,"'T. Rowe Price Group': 'TROW',",Financials,Asset Management & Custody Banks,"Baltimore, Maryland",,1937
TRV,The Travelers Companies,"'The Travelers Companies': 'TRV',",Financials,Property & Casualty Insurance,"New York, New York",8/21/2002,1853
TSCO,Tractor Supply Company,"'Tractor Supply Company': 'TSCO',",Consumer Discretionary,Specialty Stores,"Brentwood, Tennessee",1/24/2014,1938
TSLA,"Tesla, Inc.","'Tesla, Inc.': 'TSLA',",Consumer Discretionary,Automobile Manufacturers,"Palo Alto, California",12/21/2020,2003
TSN,Tyson Foods,"'Tyson Foods': 'TSN',",Consumer Staples,Packaged Foods & Meats,"Springdale, Arkansas",,1935
TT,Trane Technologies plc,"'Trane Technologies plc': 'TT',",Industrials,Building Products,"Dublin, Ireland",11/17/2010,1871
TTWO,Take-Two Interactive,"'Take-Two Interactive': 'TTWO',",Communication Services,Interactive Home Entertainment,"New York, New York",3/19/2018,1993
TWTR,"Twitter, Inc.","'Twitter, Inc.': 'TWTR',",Communication Services,Interactive Media & Services,"San Francisco, California",6/7/2018,2006
TXN,Texas Instruments,"'Texas Instruments': 'TXN',",Information Technology,Semiconductors,"Dallas, Texas",,1930
TXT,Textron Inc.,"'Textron Inc.': 'TXT',",Industrials,Aerospace & Defense,"Providence, Rhode Island",12/31/1978,1923
TYL,Tyler Technologies,"'Tyler Technologies': 'TYL',",Information Technology,Application Software,"Plano, Texas",6/22/2020,1966
UA,Under Armour (Class C),"'Under Armour (Class C)': 'UA',",Consumer Discretionary,"Apparel, Accessories & Luxury Goods","Baltimore, Maryland",4/8/2016,1996
UAA,Under Armour (Class A),"'Under Armour (Class A)': 'UAA',",Consumer Discretionary,"Apparel, Accessories & Luxury Goods","Baltimore, Maryland",5/1/2014,1996
UAL,United Airlines Holdings,"'United Airlines Holdings': 'UAL',",Industrials,Airlines,"Chicago, Illinois",9/3/2015,1967
UDR,"UDR, Inc.","'UDR, Inc.': 'UDR',",Real Estate,Residential REITs,"Highlands Ranch, Colorado",3/7/2016,1972
UHS,Universal Health Services,"'Universal Health Services': 'UHS',",Health Care,Health Care Facilities,"King of Prussia, Pennsylvania",9/20/2014,1979
ULTA,Ulta Beauty,"'Ulta Beauty': 'ULTA',",Consumer Discretionary,Specialty Stores,"Bolingbrook, Illinois",4/18/2016,1990
UNH,UnitedHealth Group Inc.,"'UnitedHealth Group Inc.': 'UNH',",Health Care,Managed Health Care,"Minnetonka, Minnesota",7/1/1994,1977
UNM,Unum Group,"'Unum Group': 'UNM',",Financials,Life & Health Insurance,"Chattanooga, Tennessee",3/1/1994,1999
UPS,United Parcel Service,"'United Parcel Service': 'UPS',",Industrials,Air Freight & Logistics,"Atlanta, Georgia",7/22/2002,1907
URI,"United Rentals, Inc.","'United Rentals, Inc.': 'URI',",Industrials,Trading Companies & Distributors,"Stamford, Connecticut",9/20/2014,1997
USB,U.S. Bancorp,"'U.S. Bancorp': 'USB',",Financials,Diversified Banks,"Minneapolis, Minnesota",,1968
V,Visa Inc.,"'Visa Inc.': 'V',",Information Technology,Data Processing & Outsourced Services,"San Francisco, California",12/21/2009,1958
VFC,VF Corporation,"'VF Corporation': 'VFC',",Consumer Discretionary,"Apparel, Accessories & Luxury Goods","Denver, Colorado",6/30/1979,1899
VIAC,ViacomCBS,"'ViacomCBS': 'VIAC',",Communication Services,Movies & Entertainment,"New York, New York",,2019 (1952)
VLO,Valero Energy,"'Valero Energy': 'VLO',",Energy,Oil & Gas Refining & Marketing,"San Antonio, Texas",,1980
VMC,Vulcan Materials,"'Vulcan Materials': 'VMC',",Materials,Construction Materials,"Birmingham, Alabama",6/30/1999,1909
VNO,Vornado Realty Trust,"'Vornado Realty Trust': 'VNO',",Real Estate,Office REITs,"New York, New York",,1982
VRSK,Verisk Analytics,"'Verisk Analytics': 'VRSK',",Industrials,Research & Consulting Services,"Jersey City, New Jersey",10/8/2015,1971
VRSN,Verisign Inc.,"'Verisign Inc.': 'VRSN',",Information Technology,Internet Services & Infrastructure,"Dulles, Virginia",2/1/2006,1995
VRTX,Vertex Pharmaceuticals Inc,"'Vertex Pharmaceuticals Inc': 'VRTX',",Health Care,Biotechnology,"Cambridge, Massachusetts",9/23/2013,1989
VTR,Ventas Inc,"'Ventas Inc': 'VTR',",Real Estate,Health Care REITs,"Chicago, Illinois",3/4/2009,1998
VTRS,Viatris,"'Viatris': 'VTRS',",Health Care,Pharmaceuticals,"Pittsburgh, Pennsylvania",4/23/2004,1961
VZ,Verizon Communications,"'Verizon Communications': 'VZ',",Communication Services,Integrated Telecommunication Services,"New York, New York",11/30/1983,1983 (1877)
WAB,Westinghouse Air Brake Technologies Corp,"'Westinghouse Air Brake Technologies Corp': 'WAB',",Industrials,Construction Machinery & Heavy Trucks,"Pittsburgh, Pennsylvania",2/27/2019,1999 (1869)
WAT,Waters Corporation,"'Waters Corporation': 'WAT',",Health Care,Health Care Distributors,"Milford, Massachusetts",,1958
WBA,Walgreens Boots Alliance,"'Walgreens Boots Alliance': 'WBA',",Consumer Staples,Drug Retail,"Deerfield, Illinois",12/31/1979,2014
WDC,Western Digital,"'Western Digital': 'WDC',",Information Technology,"Technology Hardware, Storage & Peripherals","San Jose, California",7/1/2009,1970
WEC,WEC Energy Group,"'WEC Energy Group': 'WEC',",Utilities,Electric Utilities,"Milwaukee, Wisconsin",10/31/2008,1896
WELL,Welltower Inc.,"'Welltower Inc.': 'WELL',",Real Estate,Health Care REITs,"Toledo, Ohio",1/30/2009,1970
WFC,Wells Fargo,"'Wells Fargo': 'WFC',",Financials,Diversified Banks,"San Francisco, California",6/30/1976,1852
WHR,Whirlpool Corp.,"'Whirlpool Corp.': 'WHR',",Consumer Discretionary,Household Appliances,"Benton Harbor, Michigan",,1911
WLTW,Willis Towers Watson,"'Willis Towers Watson': 'WLTW',",Financials,Insurance Brokers,"London, United Kingdom",1/5/2016,2016
WM,Waste Management Inc.,"'Waste Management Inc.': 'WM',",Industrials,Environmental & Facilities Services,"Houston, Texas",,1968
WMB,Williams Companies,"'Williams Companies': 'WMB',",Energy,Oil & Gas Storage & Transportation,"Tulsa, Oklahoma",3/31/1975,1908
WMT,Walmart,"'Walmart': 'WMT',",Consumer Staples,Hypermarkets & Super Centers,"Bentonville, Arkansas",8/31/1982,1962
WRB,W. R. Berkley Corporation,"'W. R. Berkley Corporation': 'WRB',",Financials,Property & Casualty Insurance,"Greenwich, Connecticut",12/5/2019,1967
WRK,WestRock,"'WestRock': 'WRK',",Materials,Paper Packaging,"Atlanta, Georgia",,2015
WST,West Pharmaceutical Services,"'West Pharmaceutical Services': 'WST',",Health Care,Health Care Supplies,"Exton, Pennsylvania",5/22/2020,1923
WU,Western Union Co,"'Western Union Co': 'WU',",Information Technology,Data Processing & Outsourced Services,"Englewood, Colorado",9/29/2006,1851
WY,Weyerhaeuser,"'Weyerhaeuser': 'WY',",Real Estate,Specialized REITs,"Federal Way, Washington",,1900
WYNN,Wynn Resorts Ltd,"'Wynn Resorts Ltd': 'WYNN',",Consumer Discretionary,Casinos & Gaming,"Paradise, Nevada",11/14/2008,2002
XEL,Xcel Energy Inc,"'Xcel Energy Inc': 'XEL',",Utilities,Multi-Utilities,"Minneapolis, Minnesota",3/4/1957,1909
XLNX,Xilinx,"'Xilinx': 'XLNX',",Information Technology,Semiconductors,"San Jose, California",11/8/1999,1984
XOM,Exxon Mobil Corp.,"'Exxon Mobil Corp.': 'XOM',",Energy,Integrated Oil & Gas,"Irving, Texas",3/4/1957,1999
XRAY,Dentsply Sirona,"'Dentsply Sirona': 'XRAY',",Health Care,Health Care Supplies,"Charlotte, North Carolina",11/14/2008,2016 (1969)
XYL,Xylem Inc.,"'Xylem Inc.': 'XYL',",Industrials,Industrial Machinery,"White Plains, New York",11/1/2011,2011
YUM,Yum! Brands Inc,"'Yum! Brands Inc': 'YUM',",Consumer Discretionary,Restaurants,"Louisville, Kentucky",10/6/1997,1997
ZBH,Zimmer Biomet,"'Zimmer Biomet': 'ZBH',",Health Care,Health Care Equipment,"Warsaw, Indiana",8/7/2001,1927
ZBRA,Zebra Technologies,"'Zebra Technologies': 'ZBRA',",Information Technology,Electronic Equipment & Instruments,"Lincolnshire, Illinois",12/23/2019,1969
ZION,Zions Bancorp,"'Zions Bancorp': 'ZION',",Financials,Regional Banks,"Salt Lake City, Utah",6/22/2001,1873
ZTS,Zoetis,"'Zoetis': 'ZTS',",Health Care,Pharmaceuticals,"Parsippany, New Jersey",6/21/2013,1952
